Workbook

Sheet Trade_Board
A1: =Raw_Fangraphs!A1 -> Name | B1: wOBA | C1: xWOBA | D1: wRC+ | E1: wOBA_Diff | F1: Trade Value | G1: Select Player: | H1: Andrés Giménez | J1: Row Labels | K1: Average of wOBA | L1: Average of xWOBA | M1: Average of wRC+
A2: =Raw_Fangraphs!A2 -> Pete Crow-Armstrong | B2: =IFERROR(INDEX(Raw_Fangraphs!P$1:P$150, MATCH(Trade_Board!A2, Raw_Fangraphs!A$1:A$150,0)),"Not Found") -> 0.395 | C2: =IFERROR(INDEX(Raw_Fangraphs!Q$1:Q$150,MATCH(Trade_Board!A2,Raw_Fangraphs!A$1:A$150,0)),"Not Found") -> 0.363 | D2: =IFERROR(INDEX(Raw_Fangraphs!R$1:R$150,MATCH(Trade_Board!A2,Raw_Fangraphs!A$1:A$150,0)),"Not Found") -> 153 | E2: =C2-B2 -> -0.032 | F2: =IF(AND(E2>=0,D2<=100),"Buy-Low/Unlucky And Below Average Production",IF(AND(E2>0,D2<125,D2>100),"Unlucky, Yet Above Average Production",IF(AND(E2<0,D2<125,D2>90),"Solid Contributor",IF(D2>=125,"Elite Player/Run Producer","Lucky Hitter With Low Production")))) -> Elite Player/Run Producer | G2: wOBA: | H2: =INDEX(B1:B150,MATCH(H1,A1:A150,0)) -> 0.281 | J2: Buy-Low/Unlucky And Below Average Production | K2: 0.28860714 | L2: 0.309 | M2: 80.785714
A3: =Raw_Fangraphs!A3 -> Bobby Witt Jr. | B3: =IFERROR(INDEX(Raw_Fangraphs!P$1:P$150, MATCH(Trade_Board!A3, Raw_Fangraphs!A$1:A$150,0)),"Not Found") -> 0.353 | C3: =IFERROR(INDEX(Raw_Fangraphs!Q$1:Q$150,MATCH(Trade_Board!A3,Raw_Fangraphs!A$1:A$150,0)),"Not Found") -> 0.388 | D3: =IFERROR(INDEX(Raw_Fangraphs!R$1:R$150,MATCH(Trade_Board!A3,Raw_Fangraphs!A$1:A$150,0)),"Not Found") -> 123 | E3: =C3-B3 -> 0.035 | F3: =IF(AND(E3>=0,D3<=100),"Buy-Low/Unlucky And Below Average Production",IF(AND(E3>0,D3<125,D3>100),"Unlucky, Yet Above Average Production",IF(AND(E3<0,D3<125,D3>90),"Solid Contributor",IF(D3>=125,"Elite Player/Run Producer","Lucky Hitter With Low Production")))) -> Unlucky, Yet Above Average Production | G3: xwOBA: | H3: =INDEX(C1:C150,MATCH(H1,A1:A150,0)) -> 0.265 | J3: Elite Player/Run Producer | K3: 0.38365517 | L3: 0.37917241 | M3: 145.37931
A4: =Raw_Fangraphs!A4 -> James Wood | B4: =IFERROR(INDEX(Raw_Fangraphs!P$1:P$150, MATCH(Trade_Board!A4, Raw_Fangraphs!A$1:A$150,0)),"Not Found") -> 0.416 | C4: =IFERROR(INDEX(Raw_Fangraphs!Q$1:Q$150,MATCH(Trade_Board!A4,Raw_Fangraphs!A$1:A$150,0)),"Not Found") -> 0.433 | D4: =IFERROR(INDEX(Raw_Fangraphs!R$1:R$150,MATCH(Trade_Board!A4,Raw_Fangraphs!A$1:A$150,0)),"Not Found") -> 166 | E4: =C4-B4 -> 0.017 | F4: =IF(AND(E4>=0,D4<=100),"Buy-Low/Unlucky And Below Average Production",IF(AND(E4>0,D4<125,D4>100),"Unlucky, Yet Above Average Production",IF(AND(E4<0,D4<125,D4>90),"Solid Contributor",IF(D4>=125,"Elite Player/Run Producer","Lucky Hitter With Low Production")))) -> Elite Player/Run Producer | G4: wRC+: | H4: =INDEX(D1:D150,MATCH(H1,A1:A150,0)) -> 77 | J4: Solid Contributor | K4: 0.33389362 | L4: 0.31342553 | M4: 109.97872
A5: =Raw_Fangraphs!A5 -> Yordan Alvarez | B5: =IFERROR(INDEX(Raw_Fangraphs!P$1:P$150, MATCH(Trade_Board!A5, Raw_Fangraphs!A$1:A$150,0)),"Not Found") -> 0.439 | C5: =IFERROR(INDEX(Raw_Fangraphs!Q$1:Q$150,MATCH(Trade_Board!A5,Raw_Fangraphs!A$1:A$150,0)),"Not Found") -> 0.476 | D5: =IFERROR(INDEX(Raw_Fangraphs!R$1:R$150,MATCH(Trade_Board!A5,Raw_Fangraphs!A$1:A$150,0)),"Not Found") -> 186 | E5: =C5-B5 -> 0.037 | F5: =IF(AND(E5>=0,D5<=100),"Buy-Low/Unlucky And Below Average Production",IF(AND(E5>0,D5<125,D5>100),"Unlucky, Yet Above Average Production",IF(AND(E5<0,D5<125,D5>90),"Solid Contributor",IF(D5>=125,"Elite Player/Run Producer","Lucky Hitter With Low Production")))) -> Elite Player/Run Producer | G5: wOBA_Diff: | H5: =H3-H2 -> -0.016 | J5: Unlucky, Yet Above Average Production | K5: 0.333 | L5: 0.34975 | M5: 111.9375
A6: =Raw_Fangraphs!A6 -> Otto Lopez | B6: =IFERROR(INDEX(Raw_Fangraphs!P$1:P$150, MATCH(Trade_Board!A6, Raw_Fangraphs!A$1:A$150,0)),"Not Found") -> 0.376 | C6: =IFERROR(INDEX(Raw_Fangraphs!Q$1:Q$150,MATCH(Trade_Board!A6,Raw_Fangraphs!A$1:A$150,0)),"Not Found") -> 0.339 | D6: =IFERROR(INDEX(Raw_Fangraphs!R$1:R$150,MATCH(Trade_Board!A6,Raw_Fangraphs!A$1:A$150,0)),"Not Found") -> 137 | E6: =C6-B6 -> -0.037 | F6: =IF(AND(E6>=0,D6<=100),"Buy-Low/Unlucky And Below Average Production",IF(AND(E6>0,D6<125,D6>100),"Unlucky, Yet Above Average Production",IF(AND(E6<0,D6<125,D6>90),"Solid Contributor",IF(D6>=125,"Elite Player/Run Producer","Lucky Hitter With Low Production")))) -> Elite Player/Run Producer | G6: Trade Value: | H6: =INDEX(F1:F150,MATCH(H1,A1:A150,0)) -> Lucky Hitter With Low Production | J6: Unclassified | K6: 0.32723077 | L6: 0.31607692 | M6: 106
A7: =Raw_Fangraphs!A7 -> Kevin McGonigle | B7: =IFERROR(INDEX(Raw_Fangraphs!P$1:P$150, MATCH(Trade_Board!A7, Raw_Fangraphs!A$1:A$150,0)),"Not Found") -> 0.364 | C7: =IFERROR(INDEX(Raw_Fangraphs!Q$1:Q$150,MATCH(Trade_Board!A7,Raw_Fangraphs!A$1:A$150,0)),"Not Found") -> 0.366 | D7: =IFERROR(INDEX(Raw_Fangraphs!R$1:R$150,MATCH(Trade_Board!A7,Raw_Fangraphs!A$1:A$150,0)),"Not Found") -> 133 | E7: =C7-B7 -> 0.002 | F7: =IF(AND(E7>=0,D7<=100),"Buy-Low/Unlucky And Below Average Production",IF(AND(E7>0,D7<125,D7>100),"Unlucky, Yet Above Average Production",IF(AND(E7<0,D7<125,D7>90),"Solid Contributor",IF(D7>=125,"Elite Player/Run Producer","Lucky Hitter With Low Production")))) -> Elite Player/Run Producer | J7: Grand Total | K7: 0.3342953 | L7: 0.33342282 | M7: 111.45638
A8: =Raw_Fangraphs!A8 -> Dillon Dingler | B8: =IFERROR(INDEX(Raw_Fangraphs!P$1:P$150, MATCH(Trade_Board!A8, Raw_Fangraphs!A$1:A$150,0)),"Not Found") -> 0.356 | C8: =IFERROR(INDEX(Raw_Fangraphs!Q$1:Q$150,MATCH(Trade_Board!A8,Raw_Fangraphs!A$1:A$150,0)),"Not Found") -> 0.38 | D8: =IFERROR(INDEX(Raw_Fangraphs!R$1:R$150,MATCH(Trade_Board!A8,Raw_Fangraphs!A$1:A$150,0)),"Not Found") -> 128 | E8: =C8-B8 -> 0.024 | F8: =IF(AND(E8>=0,D8<=100),"Buy-Low/Unlucky And Below Average Production",IF(AND(E8>0,D8<125,D8>100),"Unlucky, Yet Above Average Production",IF(AND(E8<0,D8<125,D8>90),"Solid Contributor",IF(D8>=125,"Elite Player/Run Producer","Lucky Hitter With Low Production")))) -> Elite Player/Run Producer
A9: =Raw_Fangraphs!A9 -> Luis Arraez | B9: =IFERROR(INDEX(Raw_Fangraphs!P$1:P$150, MATCH(Trade_Board!A9, Raw_Fangraphs!A$1:A$150,0)),"Not Found") -> 0.355 | C9: =IFERROR(INDEX(Raw_Fangraphs!Q$1:Q$150,MATCH(Trade_Board!A9,Raw_Fangraphs!A$1:A$150,0)),"Not Found") -> 0.309 | D9: =IFERROR(INDEX(Raw_Fangraphs!R$1:R$150,MATCH(Trade_Board!A9,Raw_Fangraphs!A$1:A$150,0)),"Not Found") -> 127 | E9: =C9-B9 -> -0.046 | F9: =IF(AND(E9>=0,D9<=100),"Buy-Low/Unlucky And Below Average Production",IF(AND(E9>0,D9<125,D9>100),"Unlucky, Yet Above Average Production",IF(AND(E9<0,D9<125,D9>90),"Solid Contributor",IF(D9>=125,"Elite Player/Run Producer","Lucky Hitter With Low Production")))) -> Elite Player/Run Producer
A10: =Raw_Fangraphs!A10 -> JJ Wetherholt | B10: =IFERROR(INDEX(Raw_Fangraphs!P$1:P$150, MATCH(Trade_Board!A10, Raw_Fangraphs!A$1:A$150,0)),"Not Found") -> 0.337 | C10: =IFERROR(INDEX(Raw_Fangraphs!Q$1:Q$150,MATCH(Trade_Board!A10,Raw_Fangraphs!A$1:A$150,0)),"Not Found") -> 0.353 | D10: =IFERROR(INDEX(Raw_Fangraphs!R$1:R$150,MATCH(Trade_Board!A10,Raw_Fangraphs!A$1:A$150,0)),"Not Found") -> 114 | E10: =C10-B10 -> 0.016 | F10: =IF(AND(E10>=0,D10<=100),"Buy-Low/Unlucky And Below Average Production",IF(AND(E10>0,D10<125,D10>100),"Unlucky, Yet Above Average Production",IF(AND(E10<0,D10<125,D10>90),"Solid Contributor",IF(D10>=125,"Elite Player/Run Producer","Lucky Hitter With Low Production")))) -> Unlucky, Yet Above Average Production
A11: =Raw_Fangraphs!A11 -> Brice Turang | B11: =IFERROR(INDEX(Raw_Fangraphs!P$1:P$150, MATCH(Trade_Board!A11, Raw_Fangraphs!A$1:A$150,0)),"Not Found") -> 0.358 | C11: =IFERROR(INDEX(Raw_Fangraphs!Q$1:Q$150,MATCH(Trade_Board!A11,Raw_Fangraphs!A$1:A$150,0)),"Not Found") -> 0.348 | D11: =IFERROR(INDEX(Raw_Fangraphs!R$1:R$150,MATCH(Trade_Board!A11,Raw_Fangraphs!A$1:A$150,0)),"Not Found") -> 128 | E11: =C11-B11 -> -0.01 | F11: =IF(AND(E11>=0,D11<=100),"Buy-Low/Unlucky And Below Average Production",IF(AND(E11>0,D11<125,D11>100),"Unlucky, Yet Above Average Production",IF(AND(E11<0,D11<125,D11>90),"Solid Contributor",IF(D11>=125,"Elite Player/Run Producer","Lucky Hitter With Low Production")))) -> Elite Player/Run Producer
A12: =Raw_Fangraphs!A12 -> Shohei Ohtani | B12: =IFERROR(INDEX(Raw_Fangraphs!P$1:P$150, MATCH(Trade_Board!A12, Raw_Fangraphs!A$1:A$150,0)),"Not Found") -> 0.402 | C12: =IFERROR(INDEX(Raw_Fangraphs!Q$1:Q$150,MATCH(Trade_Board!A12,Raw_Fangraphs!A$1:A$150,0)),"Not Found") -> 0.411 | D12: =IFERROR(INDEX(Raw_Fangraphs!R$1:R$150,MATCH(Trade_Board!A12,Raw_Fangraphs!A$1:A$150,0)),"Not Found") -> 157 | E12: =C12-B12 -> 0.009 | F12: =IF(AND(E12>=0,D12<=100),"Buy-Low/Unlucky And Below Average Production",IF(AND(E12>0,D12<125,D12>100),"Unlucky, Yet Above Average Production",IF(AND(E12<0,D12<125,D12>90),"Solid Contributor",IF(D12>=125,"Elite Player/Run Producer","Lucky Hitter With Low Production")))) -> Elite Player/Run Producer
A13: =Raw_Fangraphs!A13 -> Junior Caminero | B13: =IFERROR(INDEX(Raw_Fangraphs!P$1:P$150, MATCH(Trade_Board!A13, Raw_Fangraphs!A$1:A$150,0)),"Not Found") -> 0.392 | C13: =IFERROR(INDEX(Raw_Fangraphs!Q$1:Q$150,MATCH(Trade_Board!A13,Raw_Fangraphs!A$1:A$150,0)),"Not Found") -> 0.374 | D13: =IFERROR(INDEX(Raw_Fangraphs!R$1:R$150,MATCH(Trade_Board!A13,Raw_Fangraphs!A$1:A$150,0)),"Not Found") -> 152 | E13: =C13-B13 -> -0.018 | F13: =IF(AND(E13>=0,D13<=100),"Buy-Low/Unlucky And Below Average Production",IF(AND(E13>0,D13<125,D13>100),"Unlucky, Yet Above Average Production",IF(AND(E13<0,D13<125,D13>90),"Solid Contributor",IF(D13>=125,"Elite Player/Run Producer","Lucky Hitter With Low Production")))) -> Elite Player/Run Producer
A14: =Raw_Fangraphs!A14 -> Miguel Vargas | B14: =IFERROR(INDEX(Raw_Fangraphs!P$1:P$150, MATCH(Trade_Board!A14, Raw_Fangraphs!A$1:A$150,0)),"Not Found") -> 0.366 | C14: =IFERROR(INDEX(Raw_Fangraphs!Q$1:Q$150,MATCH(Trade_Board!A14,Raw_Fangraphs!A$1:A$150,0)),"Not Found") -> 0.403 | D14: =IFERROR(INDEX(Raw_Fangraphs!R$1:R$150,MATCH(Trade_Board!A14,Raw_Fangraphs!A$1:A$150,0)),"Not Found") -> 135 | E14: =C14-B14 -> 0.037 | F14: =IF(AND(E14>=0,D14<=100),"Buy-Low/Unlucky And Below Average Production",IF(AND(E14>0,D14<125,D14>100),"Unlucky, Yet Above Average Production",IF(AND(E14<0,D14<125,D14>90),"Solid Contributor",IF(D14>=125,"Elite Player/Run Producer","Lucky Hitter With Low Production")))) -> Elite Player/Run Producer
A15: =Raw_Fangraphs!A15 -> Ben Rice | B15: =IFERROR(INDEX(Raw_Fangraphs!P$1:P$150, MATCH(Trade_Board!A15, Raw_Fangraphs!A$1:A$150,0)),"Not Found") -> 0.408 | C15: =IFERROR(INDEX(Raw_Fangraphs!Q$1:Q$150,MATCH(Trade_Board!A15,Raw_Fangraphs!A$1:A$150,0)),"Not Found") -> 0.382 | D15: =IFERROR(INDEX(Raw_Fangraphs!R$1:R$150,MATCH(Trade_Board!A15,Raw_Fangraphs!A$1:A$150,0)),"Not Found") -> 166 | E15: =C15-B15 -> -0.026 | F15: =IF(AND(E15>=0,D15<=100),"Buy-Low/Unlucky And Below Average Production",IF(AND(E15>0,D15<125,D15>100),"Unlucky, Yet Above Average Production",IF(AND(E15<0,D15<125,D15>90),"Solid Contributor",IF(D15>=125,"Elite Player/Run Producer","Lucky Hitter With Low Production")))) -> Elite Player/Run Producer
A16: =Raw_Fangraphs!A16 -> Elly De La Cruz | B16: =IFERROR(INDEX(Raw_Fangraphs!P$1:P$150, MATCH(Trade_Board!A16, Raw_Fangraphs!A$1:A$150,0)),"Not Found") -> 0.363 | C16: =IFERROR(INDEX(Raw_Fangraphs!Q$1:Q$150,MATCH(Trade_Board!A16,Raw_Fangraphs!A$1:A$150,0)),"Not Found") -> 0.362 | D16: =IFERROR(INDEX(Raw_Fangraphs!R$1:R$150,MATCH(Trade_Board!A16,Raw_Fangraphs!A$1:A$150,0)),"Not Found") -> 125 | E16: =C16-B16 -> -0.001 | F16: =IF(AND(E16>=0,D16<=100),"Buy-Low/Unlucky And Below Average Production",IF(AND(E16>0,D16<125,D16>100),"Unlucky, Yet Above Average Production",IF(AND(E16<0,D16<125,D16>90),"Solid Contributor",IF(D16>=125,"Elite Player/Run Producer","Lucky Hitter With Low Production")))) -> Elite Player/Run Producer
A17: =Raw_Fangraphs!A17 -> Andy Pages | B17: =IFERROR(INDEX(Raw_Fangraphs!P$1:P$150, MATCH(Trade_Board!A17, Raw_Fangraphs!A$1:A$150,0)),"Not Found") -> 0.348 | C17: =IFERROR(INDEX(Raw_Fangraphs!Q$1:Q$150,MATCH(Trade_Board!A17,Raw_Fangraphs!A$1:A$150,0)),"Not Found") -> 0.342 | D17: =IFERROR(INDEX(Raw_Fangraphs!R$1:R$150,MATCH(Trade_Board!A17,Raw_Fangraphs!A$1:A$150,0)),"Not Found") -> 121 | E17: =C17-B17 -> -0.006 | F17: =IF(AND(E17>=0,D17<=100),"Buy-Low/Unlucky And Below Average Production",IF(AND(E17>0,D17<125,D17>100),"Unlucky, Yet Above Average Production",IF(AND(E17<0,D17<125,D17>90),"Solid Contributor",IF(D17>=125,"Elite Player/Run Producer","Lucky Hitter With Low Production")))) -> Solid Contributor
A18: =Raw_Fangraphs!A18 -> Corbin Carroll | B18: =IFERROR(INDEX(Raw_Fangraphs!P$1:P$150, MATCH(Trade_Board!A18, Raw_Fangraphs!A$1:A$150,0)),"Not Found") -> 0.356 | C18: =IFERROR(INDEX(Raw_Fangraphs!Q$1:Q$150,MATCH(Trade_Board!A18,Raw_Fangraphs!A$1:A$150,0)),"Not Found") -> 0.344 | D18: =IFERROR(INDEX(Raw_Fangraphs!R$1:R$150,MATCH(Trade_Board!A18,Raw_Fangraphs!A$1:A$150,0)),"Not Found") -> 124 | E18: =C18-B18 -> -0.012 | F18: =IF(AND(E18>=0,D18<=100),"Buy-Low/Unlucky And Below Average Production",IF(AND(E18>0,D18<125,D18>100),"Unlucky, Yet Above Average Production",IF(AND(E18<0,D18<125,D18>90),"Solid Contributor",IF(D18>=125,"Elite Player/Run Producer","Lucky Hitter With Low Production")))) -> Solid Contributor
A19: =Raw_Fangraphs!A19 -> Nick Kurtz | B19: =IFERROR(INDEX(Raw_Fangraphs!P$1:P$150, MATCH(Trade_Board!A19, Raw_Fangraphs!A$1:A$150,0)),"Not Found") -> 0.389 | C19: =IFERROR(INDEX(Raw_Fangraphs!Q$1:Q$150,MATCH(Trade_Board!A19,Raw_Fangraphs!A$1:A$150,0)),"Not Found") -> 0.38 | D19: =IFERROR(INDEX(Raw_Fangraphs!R$1:R$150,MATCH(Trade_Board!A19,Raw_Fangraphs!A$1:A$150,0)),"Not Found") -> 148 | E19: =C19-B19 -> -0.009 | F19: =IF(AND(E19>=0,D19<=100),"Buy-Low/Unlucky And Below Average Production",IF(AND(E19>0,D19<125,D19>100),"Unlucky, Yet Above Average Production",IF(AND(E19<0,D19<125,D19>90),"Solid Contributor",IF(D19>=125,"Elite Player/Run Producer","Lucky Hitter With Low Production")))) -> Elite Player/Run Producer
... A150: =Raw_Fangraphs!A150 -> Salvador Perez | B150: =IFERROR(INDEX(Raw_Fangraphs!P$1:P$150, MATCH(Trade_Board!A150, Raw_Fangraphs!A$1:A$150,0)),"Not Found") -> 0.258 | C150: =IFERROR(INDEX(Raw_Fangraphs!Q$1:Q$150,MATCH(Trade_Board!A150,Raw_Fangraphs!A$1:A$150,0)),"Not Found") -> 0.287 | D150: =IFERROR(INDEX(Raw_Fangraphs!R$1:R$150,MATCH(Trade_Board!A150,Raw_Fangraphs!A$1:A$150,0)),"Not Found") -> 58 | E150: =C150-B150 -> 0.029 | F150: =IF(AND(E150>=0,D150<=100),"Buy-Low/Unlucky And Below Average Production",IF(AND(E150>0,D150<125,D150>100),"Unlucky, Yet Above Average Production",IF(AND(E150<0,D150<125,D150>90),"Solid Contributor",IF(D150>=125,"Elite Player/Run Producer","Lucky Hitter With Low Production")))) -> Buy-Low/Unlucky And Below Average Production

Sheet Raw_Fangraphs
A1: Name | B1: Team | C1: G | D1: PA | E1: HR | F1: R | G1: RBI | H1: SB | I1: BB% | J1: K% | K1: ISO | L1: BABIP | M1: AVG | N1: OBP | O1: SLG | P1: wOBA | Q1: xwOBA | R1: wRC+ | S1: BsR | T1: Off | U1: Def | V1: WAR
A2: Pete Crow-Armstrong | B2: CHC | C2: 96 | D2: 418 | E2: 21 | F2: 63 | G2: 53 | H2: 24 | I2: 0.112 | J2: 0.258 | K2: 0.24 | L2: 0.359 | M2: 0.291 | N2: 0.386 | O2: 0.531 | P2: 0.395 | Q2: 0.363 | R2: 153 | S2: 3.3 | T2: 30.1 | U2: 15.4 | V2: 6
A3: Bobby Witt Jr. | B3: KCR | C3: 91 | D3: 403 | E3: 13 | F3: 51 | G3: 39 | H3: 30 | I3: 0.097 | J3: 0.171 | K3: 0.175 | L3: 0.32 | M3: 0.286 | N3: 0.355 | O3: 0.461 | P3: 0.353 | Q3: 0.388 | R3: 123 | S3: 4.9 | T3: 16 | U3: 16.7 | V3: 4.8
A4: James Wood | B4: WSN | C4: 97 | D4: 454 | E4: 28 | F4: 89 | G4: 64 | H4: 15 | I4: 0.174 | J4: 0.284 | K4: 0.295 | L4: 0.35 | M4: 0.279 | N4: 0.41 | O4: 0.575 | P4: 0.416 | Q4: 0.433 | R4: 166 | S4: 2 | T4: 38.1 | U4: -7.7 | V4: 4.6
A5: Yordan Alvarez | B5: HOU | C5: 96 | D5: 420 | E5: 31 | F5: 65 | G5: 70 | H5: 1 | I5: 0.15 | J5: 0.171 | K5: 0.315 | L5: 0.321 | M5: 0.318 | N5: 0.426 | O5: 0.633 | P5: 0.439 | Q5: 0.476 | R5: 186 | S5: -3.1 | T5: 39.6 | U5: -11 | V5: 4.4
A6: Otto Lopez | B6: MIA | C6: 95 | D6: 410 | E6: 9 | F6: 61 | G6: 45 | H6: 17 | I6: 0.049 | J6: 0.141 | K6: 0.171 | L6: 0.37 | M6: 0.334 | N6: 0.368 | O6: 0.505 | P6: 0.376 | Q6: 0.339 | R6: 137 | S6: 3.8 | T6: 22.2 | U6: 7 | V6: 4.3
A7: Kevin McGonigle | B7: DET | C7: 93 | D7: 413 | E7: 8 | F7: 58 | G7: 34 | H7: 11 | I7: 0.145 | J7: 0.136 | K7: 0.137 | L7: 0.318 | M7: 0.283 | N7: 0.392 | O7: 0.42 | P7: 0.364 | Q7: 0.366 | R7: 133 | S7: 4.8 | T7: 21 | U7: 3.8 | V7: 4
A8: Dillon Dingler | B8: DET | C8: 87 | D8: 361 | E8: 19 | F8: 48 | G8: 60 | H8: 0 | I8: 0.064 | J8: 0.213 | K8: 0.246 | L8: 0.284 | M8: 0.262 | N8: 0.323 | O8: 0.508 | P8: 0.356 | Q8: 0.38 | R8: 128 | S8: 0.1 | T8: 12.1 | U8: 13.2 | V8: 3.9
A9: Luis Arraez | B9: SFG | C9: 91 | D9: 402 | E9: 4 | F9: 48 | G9: 35 | H9: 8 | I9: 0.06 | J9: 0.04 | K9: 0.13 | L9: 0.33 | M9: 0.33 | N9: 0.369 | O9: 0.46 | P9: 0.355 | Q9: 0.309 | R9: 127 | S9: 2.2 | T9: 15.5 | U9: 7.7 | V9: 3.7
A10: JJ Wetherholt | B10: STL | C10: 90 | D10: 407 | E10: 13 | F10: 58 | G10: 36 | H10: 9 | I10: 0.098 | J10: 0.157 | K10: 0.14 | L10: 0.283 | M10: 0.259 | N10: 0.356 | O10: 0.399 | P10: 0.337 | Q10: 0.353 | R10: 114 | S10: 2.2 | T10: 9.3 | U10: 12.2 | V10: 3.5
A11: Brice Turang | B11: MIL | C11: 91 | D11: 416 | E11: 14 | F11: 66 | G11: 60 | H11: 15 | I11: 0.13 | J11: 0.248 | K11: 0.199 | L11: 0.335 | M11: 0.266 | N11: 0.361 | O11: 0.465 | P11: 0.358 | Q11: 0.348 | R11: 128 | S11: 2 | T11: 15.9 | U11: 5 | V11: 3.5
A12: Shohei Ohtani | B12: LAD | C12: 92 | D12: 406 | E12: 22 | F12: 65 | G12: 58 | H12: 6 | I12: 0.148 | J12: 0.229 | K12: 0.257 | L12: 0.339 | M12: 0.293 | N12: 0.403 | O12: 0.549 | P12: 0.402 | Q12: 0.411 | R12: 157 | S12: 0.6 | T12: 28.4 | U12: -9.4 | V12: 3.3
A13: Junior Caminero | B13: TBR | C13: 94 | D13: 411 | E13: 28 | F13: 61 | G13: 59 | H13: 2 | I13: 0.129 | J13: 0.19 | K13: 0.276 | L13: 0.283 | M13: 0.279 | N13: 0.372 | O13: 0.555 | P13: 0.392 | Q13: 0.374 | R13: 152 | S13: -1.4 | T13: 23.9 | U13: -6.7 | V13: 3.2
... A150: Salvador Perez | B150: KCR | C150: 89 | D150: 374 | E150: 11 | F150: 31 | G150: 37 | H150: 0 | I150: 0.035 | J150: 0.203 | K150: 0.135 | L150: 0.232 | M150: 0.209 | N150: 0.249 | O150: 0.344 | P150: 0.258 | Q150: 0.287 | R150: 58 | S150: -1.8 | T150: -20.4 | U150: -7.6 | V150: -1.5
